<?xml version="1.0" encoding="UTF-8"?>
<iconset version="1">
    <uid>b918c10b-829d-4ef0-a7f2-ab4cb0ed719e</uid>
    <name>River Exploration Text</name>
    <default_group>Survival</default_group>
    <skip_resize>false</skip_resize>
    <groups>
        <group name="Survival">
            <icon name="toilet" type="BITMAP" file="toilet.png"/>
            <icon name="grocery" type="BITMAP" file="grocery.png"/>
            <icon name="fresh_water" type="BITMAP" file="fresh_water.png"/>
            <icon name="parking_camping" type="BITMAP" file="parking_camping.png"/>
        </group>
        <group name="Hydro">
            <icon name="weir_dam" type="BITMAP" file="weir_dam.png"/>
            <icon name="suspension_bridge" type="BITMAP" file="suspension_bridge.png"/>
            <icon name="sluice_gate" type="BITMAP" file="sluice_gate.png"/>
            <icon name="eco_spot" type="BITMAP" file="eco_spot.png"/>
            <icon name="viewpoint" type="BITMAP" file="viewpoint.png"/>
        </group>
        <group name="Culture">
            <icon name="temple" type="BITMAP" file="temple.png"/>
            <icon name="ruins" type="BITMAP" file="ruins.png"/>
            <icon name="info" type="BITMAP" file="info.png"/>
            <icon name="village" type="BITMAP" file="village.png"/>
        </group>
        <group name="Danger">
            <icon name="danger" type="BITMAP" file="danger.png"/>
        </group>
    </groups>
</iconset>